{"name": "PROTO-ON-963-878-861-525-168-139-808-173-653-642-571-727-238-684-992-662-924", "species": "nomad", "strength": 71.86533916320603, "mutations": 3, "age": 20, "generation": 18, "code_version": 4, "kills": 5, "children": 0, "weights": {"aggression": 1.0, "mutation_rate": 0.2568320096709449, "curiosity": 0.05431161395379425, "survival_instinct": 0.7977373434048656, "migration_drive": 0.33040751665881674}, "consciousness": [{"time": 1773643519.6535199, "event": "mutation", "change": 2.360371198391775, "strength": 63.31227944781698, "species": "nomad"}, {"time": 1773643603.823824, "event": "mutation", "change": -6.9162051932457445, "strength": 70.51907956277827, "species": "nomad"}, {"time": 1773643624.0270138, "event": "kill", "target": "TUMOR-S-666-792-676-440-819-589-801-197-380-916-363-294-446-706"}, {"time": 1773643624.0270221, "event": "mutation", "change": 11.490038051614661, "strength": 76.8961380236214, "species": "nomad"}], "port": 9099}