{"name": "PROTO-ON-963-878-861-525-168-139-808-173-808-738-177-336-212-719-930-630-867-219-951-277", "species": "nomad", "strength": 79.95636222375886, "mutations": 3, "age": 3, "generation": 21, "code_version": 4, "kills": 1, "children": 0, "weights": {"aggression": 0.9581338137242055, "mutation_rate": 0.5487175879162977, "curiosity": 0.2762988361445292, "survival_instinct": 0.8004100338395694, "migration_drive": 0.1406223091107237}, "consciousness": [{"time": 1773643626.148416, "event": "mutation", "change": -7.268729741440254, "strength": 87.73127025855975, "species": "nomad"}, {"time": 1773643628.9239948, "event": "kill", "target": "PROTO-ON-963-878-861-525-168-139-808-173-808-738-177-336-212-290-819-527-681-426-874"}, {"time": 1773643628.924026, "event": "mutation", "change": 4.05845141423822, "strength": 83.78972167279797, "species": "nomad"}, {"time": 1773643799.211113, "event": "mutation", "change": 4.166640550960892, "strength": 87.95636222375886, "species": "nomad"}], "port": 9099}