{"name": "PROTO-ON-963-878-861-525-168-139-808-173-808-738-177-336-212-719-930-282-493-833-517-565-478", "species": "survivor", "strength": 24.06213704317855, "mutations": 0, "age": 31, "generation": 22, "code_version": 1, "kills": 4, "children": 0, "weights": {"aggression": 1.0, "mutation_rate": 0.05, "curiosity": 0.37489719363610396, "survival_instinct": 0.6455147858065965, "migration_drive": 0.07691266863817812}, "consciousness": [{"time": 1773643507.724254, "event": "kill", "target": "PROTO-ON-963-878-994-175-830-848-120-617-182-393-788-509"}, {"time": 1773643513.275572, "event": "kill", "target": "PROTO-ON-963-878-861-525-168-139-808-173-136-567-530-522-666-602"}], "port": 9099}