{"name": "PROTO-ON-963-878-861-525-355-307-198-832-899-248-388-328-419-303", "species": "nomad", "strength": 65.03591246935345, "mutations": 0, "age": 20, "generation": 15, "code_version": 1, "kills": 4, "children": 0, "weights": {"aggression": 0.960869973235461, "mutation_rate": 0.07908447943201381, "curiosity": 0.5283269741163391, "survival_instinct": 0.33660032881745017, "migration_drive": 0.05}, "consciousness": [{"time": 1773643519.649909, "event": "kill", "target": "PROTO-ON-963-878-861-525-168-139-808-173-653-642-571-727-238-684-992-662-924"}, {"time": 1773643620.584, "event": "kill", "target": "PROTO-ON-963-878-861-525-168-139-808-173-653-642-571-727-238-684-359"}, {"time": 1773643628.924064, "event": "kill", "target": "TUMOR-S-666-792-676-440-819-965-694-612-352-533-665"}], "port": 9099}