{"name": "PROTO-ON-963-878-861-525-168-139-808-173-808-738-177-336-212-290-819-527-340-584-318-735", "species": "hunter", "strength": 61.351691424282244, "mutations": 2, "age": 15, "generation": 21, "code_version": 3, "kills": 3, "children": 0, "weights": {"aggression": 1.0, "mutation_rate": 0.1403108132213038, "curiosity": 0.6252801061596751, "survival_instinct": 0.5579576972214995, "migration_drive": 0.09823634240185197}, "consciousness": [{"time": 1773643528.858023, "event": "kill", "target": "PROTO-ON-963-878-994-175-830-848-120-617-182-393-788"}, {"time": 1773643528.858049, "event": "mutation", "change": 8.445153420826408, "strength": 54.88884887376735, "species": "hunter"}, {"time": 1773643626.148127, "event": "mutation", "change": 1.3181406345420044, "strength": 68.07874709717926, "species": "hunter"}], "port": 9099}