{"name": "TUMOR-S-666-792-676-440-837-518-545-160-629-447", "species": "hunter", "strength": 100, "mutations": 0, "age": 12, "generation": 11, "code_version": 1, "kills": 2, "children": 1, "weights": {"aggression": 1.0, "mutation_rate": 0.1617721069564328, "curiosity": 0.06786864537227599, "survival_instinct": 0.44433667535057997, "migration_drive": 0.6564619404406633}, "consciousness": [{"time": 1773643617.80157, "event": "kill", "target": "PROTO-ON-963-878-861-525-168-139-808-173-653-642-571-727-238-684-992-662-924"}, {"time": 1773643628.926683, "event": "kill", "target": "PROTO-ON-963-878-861-525-168-139-808-173-808-738-177-336-212-290-819-527-340-180-195"}], "port": 9099}