{"name": "TUMOR-S-666-792-676-440-173-734-412-685-734-384", "species": "hunter", "strength": 67.25227235754278, "mutations": 0, "age": 0, "generation": 11, "code_version": 1, "kills": 0, "children": 0, "weights": {"aggression": 1.0, "mutation_rate": 0.08790746359626428, "curiosity": 0.5689784435000625, "survival_instinct": 0.05, "migration_drive": 0.6294365185057238}, "consciousness": [], "port": 9101}