{"name": "TUMOR-S-666-792-676-440-819-965-694-612-352-840-368-814-528", "species": "killer", "strength": 56.56179194718609, "mutations": 1, "age": 6, "generation": 14, "code_version": 2, "kills": 1, "children": 0, "weights": {"aggression": 1.0, "mutation_rate": 0.16911851198401356, "curiosity": 0.27028508121895, "survival_instinct": 0.46021926216664966, "migration_drive": 0.05}, "consciousness": [{"time": 1773643620.587428, "event": "mutation", "change": 0.0074024838185238195, "strength": 72.58130508414798, "species": "killer"}], "port": 9099}