{"name": "TUMOR-S-666-792-676-440-819-589-801-197-380-916-363-294-446", "species": "parasite", "strength": 99.04831163031602, "mutations": 2, "age": 23, "generation": 14, "code_version": 3, "kills": 6, "children": 1, "weights": {"aggression": 1.0, "mutation_rate": 0.23046123190680345, "curiosity": 0.47175179808433376, "survival_instinct": 0.35746054261206706, "migration_drive": 0.7445681433315074}, "consciousness": [{"time": 1773643509.8459039, "event": "mutation", "change": -3.005112326420658, "strength": 92.09579620282132, "species": "parasite"}, {"time": 1773643513.273243, "event": "mutation", "change": 7.152529794846501, "strength": 99.24832599766782, "species": "parasite"}, {"time": 1773643515.3945432, "event": "kill", "target": "TUMOR-S-666-792-676-440-819-965-694-832-419-124-245"}], "port": 9099}