{"name": "TUMOR-S-666-792-676-440-819-965-694-612-352-533-665-144", "species": "killer", "strength": 30.099500613504222, "mutations": 2, "age": 35, "generation": 13, "code_version": 3, "kills": 6, "children": 0, "weights": {"aggression": 0.810493017419929, "mutation_rate": 0.05, "curiosity": 0.5062191351094253, "survival_instinct": 0.5099567048294681, "migration_drive": 0.3760081245354636}, "consciousness": [{"time": 1773643417.935573, "event": "mutation", "change": -5.098883528030257, "strength": 71.78362163216693, "species": "killer"}, {"time": 1773643423.5468512, "event": "kill", "target": "PROTO-ON-963-878-861-525-168-139-808-173-653-642-571-727-238-325-123-601-957"}, {"time": 1773643505.59863, "event": "mutation", "change": 6.196146967382887, "strength": 87.03668442310922, "species": "killer"}, {"time": 1773643509.8459442, "event": "kill", "target": "PROTO-ON-963-878-861-525-168-139-808-173-808-738-177-336-212-290-819-527-340-180-195-632"}], "port": 9099}