{"name": "TUMOR-S-666-792-676-440-819-589-801-197-380-916-363-294-145", "species": "parasite", "strength": 72.43837915045125, "mutations": 0, "age": 3, "generation": 14, "code_version": 1, "kills": 0, "children": 0, "weights": {"aggression": 0.9605243310114946, "mutation_rate": 0.16481948976334246, "curiosity": 0.6645434113886005, "survival_instinct": 0.5355165540471374, "migration_drive": 0.5381599552455419}, "consciousness": [], "port": 9099}