{"name": "TUMOR-S-666-792-676-440-819-589-801-197-380-916-363-294-161", "species": "parasite", "strength": 27.408149743903323, "mutations": 2, "age": 16, "generation": 14, "code_version": 3, "kills": 3, "children": 0, "weights": {"aggression": 1.0, "mutation_rate": 0.2105130043295125, "curiosity": 0.5266943740020006, "survival_instinct": 0.38620378656817167, "migration_drive": 0.3860184597280104}, "consciousness": [{"time": 1773643530.987184, "event": "kill", "target": "TUMOR-S-666-792-676-440-819-589-801-197-380-279-505-369"}, {"time": 1773643615.016974, "event": "mutation", "change": 1.1613842621863206, "strength": 32.38495705448247, "species": "parasite"}, {"time": 1773643620.5880268, "event": "mutation", "change": -0.15191406692478537, "strength": 31.86247775636038, "species": "parasite"}], "port": 9099}