{"name": "TUMOR-S-666-792-676-440-819-589-801-197-380-916-363-294-446-706", "species": "parasite", "strength": 52.65668565264689, "mutations": 2, "age": 10, "generation": 15, "code_version": 3, "kills": 2, "children": 0, "weights": {"aggression": 1.0, "mutation_rate": 0.16982482292566997, "curiosity": 0.531577415494016, "survival_instinct": 0.32259847812226616, "migration_drive": 0.7690519459408803}, "consciousness": [{"time": 1773643605.9568992, "event": "mutation", "change": -2.5366952970123506, "strength": 60.732104808735464, "species": "parasite"}, {"time": 1773643617.137832, "event": "mutation", "change": -1.518837750080344, "strength": 61.32462403707004, "species": "parasite"}], "port": 9099}