{"name": "TUMOR-S-666-792-676-440-819-589-801-197-380-916-363-294-529-410", "species": "parasite", "strength": 78.88046193843307, "mutations": 0, "age": 0, "generation": 15, "code_version": 1, "kills": 0, "children": 0, "weights": {"aggression": 1.0, "mutation_rate": 0.14321935880746647, "curiosity": 0.272800999618576, "survival_instinct": 0.24832102065565353, "migration_drive": 0.31040724738432957}, "consciousness": [], "port": 9099}