{"name": "TUMOR-S-666-792-676-440-819-589-801-197-380-916-363-294-794", "species": "parasite", "strength": 88.90464487340871, "mutations": 0, "age": 0, "generation": 14, "code_version": 1, "kills": 0, "children": 0, "weights": {"aggression": 0.9289777511651611, "mutation_rate": 0.26071407912448374, "curiosity": 0.4741378897575896, "survival_instinct": 0.5304276545769302, "migration_drive": 0.49213489582250336}, "consciousness": [], "port": 9102}