{"name": "TUMOR-S-666-792-676-440-819-965-694-832-419-124-561", "species": "base", "strength": 34.202588615395726, "mutations": 1, "age": 8, "generation": 12, "code_version": 2, "kills": 3, "children": 0, "weights": {"aggression": 0.9103938686252365, "mutation_rate": 0.05571365495977164, "curiosity": 0.8402581190629113, "survival_instinct": 0.6922039907688823, "migration_drive": 0.5285833335177211}, "consciousness": [{"time": 1773643611.552834, "event": "kill", "target": "PROTO-ON-963-878-861-525-168-139-808-173-808-738-177-336-212-719-930-282-493-833-517-565-478"}, {"time": 1773643626.1496818, "event": "mutation", "change": 0.5068709489464709, "strength": 35.037181130467815, "species": "base"}], "port": 9099}