{"name": "TUMOR-S-666-792-676-440-837-518-545-160-629-447-604", "species": "hunter", "strength": 100, "mutations": 0, "age": 2, "generation": 12, "code_version": 1, "kills": 2, "children": 0, "weights": {"aggression": 0.9146062845541391, "mutation_rate": 0.08460395114880565, "curiosity": 0.05, "survival_instinct": 0.4014956410442934, "migration_drive": 0.6710924882406845}, "consciousness": [{"time": 1773643628.9238038, "event": "kill", "target": "PROTO-ON-963-878-861-525-168-139-808-173-808-738-177-336-212-719-930-630-867-219-951"}], "port": 9099}